{
    "Categories": [
        {
            "Name": "Recently watched"
        },
        {
            "Name": "Last channels"
        },
        {
            "Name": "Most Popular on demand"
        },
        {
            "Name": "Favourites"
        },
        {
            "Name": "WatchList"
        },
        {
            "Name": "Live TV"
        },
        {
            "Name": "On Demand"
        },
        {
            "Name": "Kid Zone"
        }
    ],
    "Videos": [
        {
            "Title": "Jeff Han Demos his Breakthrough Touchscreen",
            "TitleSeason": "Jeff Han Demos season 1",
            "Image": "http://rokudev.roku.com/rokudev/examples/videoplayer/images/JeffHan.jpg",
            "Url": "http://video.ted.com/talks/podcast/JeffHan_2006_480.mp4",
            "Description": "Jeff Han Demos description on his Breakthrough over Touchscreen",
            "Rating": "NR",
            "StarRating": "75",
            "ReleaseDate": "December 10, 2009",
            "Length": 5400,
            "Category": "Recently watched",
            "Actors": [
                {
                    "id": "123",
                    "Name": "SamWorthington",
                    "movieActed": "23",
                    "description": "JeffHanDemosdescriptiononhisBreakthroughoverTouchscreen"
                },
                {
                    "id": "124",
                    "Name": "ZoeSaldana",
                    "movieActed": "34",
                    "description": "JeffHanDemosdescriptiononhisBreakthroughoverTouchscreen"
                },
                {
                    "id": "1093",
                    "Name": "StephenLang",
                    "movieActed": "45",
                    "description": "JeffHanDemosdescriptiononhisBreakthroughoverTouchscreen"
                }
            ],
            "Genere": {
                "id": "1",
                "Name": "comedy",
                "description": "for humor"
            },
            "Director": "James Cameron",
            "StreamFormat": "mp4"
        },
        {
            "Title": "kelloggs_variety_pak",
            "TitleSeason": "kelloggs_variety_pak_512kb.mp4",
            "Image": "http://pubpages.unh.edu/~prz32/images/kelloggs.jpg",
            "Url": "http://www.archive.org/download/kelloggs_variety_pak/kelloggs_variety_pak_512kb.mp4",
            "Description": "Kellogg's is an American multinational food manufacturing company headquartered in Battle Creek, Michigan, United States",
            "Rating": "NR",
            "StarRating": "75",
            "ReleaseDate": "December 10, 2009",
            "Length": 3200,
            "Category": "Recently watched",
            "Actors": [
                {
                    "id": "123",
                    "Name": "James M. Jenness",
                    "movieActed": "23",
                    "description": "Chairman"
                },
                {
                    "id": "124",
                    "Name": "John A. Bryant",
                    "movieActed": "34",
                    "description": "CEO"
                }
            ],
            "Genere": {
                "id": "1",
                "Name": "Message",
                "description": " Kellogg's produces cereal and convenience foods, including cookies, crackers, toaster pastries, cereal bars, fruit-flavored snacks, frozen waffles, and vegetarian foods."
            },
            "Director": "Cameron",
            "StreamFormat": "mp4"
        },
        {
            "Title": "Voyagerapps",
            "TitleSeason": "Voyagerapps season 1",
            "Image": "http://upload.wikimedia.org/wikipedia/commons/4/43/Gold_star_on_blue.gif",
            "Url": "http://voyagerapps.com/ytb001.mp4",
            "Description": "Voyagerapps desc",
            "Rating": "NR",
            "StarRating": "10",
            "ReleaseDate": "December 10, 2009",
            "Length": 5400,
            "Category": "Recently watched",
            "Actors": [
                {
                    "id": "123",
                    "Name": "SamWorthington",
                    "movieActed": "23",
                    "description": "JeffHanDemosdescriptiononhisBreakthroughoverTouchscreen"
                },
                {
                    "id": "124",
                    "Name": "ZoeSaldana",
                    "movieActed": "34",
                    "description": "JeffHanDemosdescriptiononhisBreakthroughoverTouchscreen"
                },
                {
                    "id": "1093",
                    "Name": "StephenLang",
                    "movieActed": "45",
                    "description": "JeffHanDemosdescriptiononhisBreakthroughoverTouchscreen"
                }
            ],
            "Genere": {
                "id": "1",
                "Name": "comedy",
                "description": "for humor"
            },
            "Director": "James Cameron",
            "StreamFormat": "mp4"
        },
        {
            "Title": "Jeff Han Second",
            "TitleSeason": "Jeff Han Second",
            "Image": "http://rokudev.roku.com/rokudev/examples/videoplayer/images/JeffHan.jpg",
            "Url": "http://video.ted.com/talks/podcast/JeffHan_2006_480.mp4",
            "Description": "Jeff Han Demos description on his Breakthrough over Touchscreen",
            "Rating": "NR",
            "StarRating": "75",
            "ReleaseDate": "December 10, 2009",
            "Length": 5400,
            "Category": "Recently watched",
            "Actors": [
                {
                    "id": "123",
                    "Name": "SamWorthington",
                    "movieActed": "23",
                    "description": "JeffHanDemosdescriptiononhisBreakthroughoverTouchscreen"
                },
                {
                    "id": "124",
                    "Name": "ZoeSaldana",
                    "movieActed": "34",
                    "description": "JeffHanDemosdescriptiononhisBreakthroughoverTouchscreen"
                },
                {
                    "id": "1093",
                    "Name": "StephenLang",
                    "movieActed": "45",
                    "description": "JeffHanDemosdescriptiononhisBreakthroughoverTouchscreen"
                }
            ],
            "Genere": {
                "id": "1",
                "Name": "comedy",
                "description": "for humor"
            },
            "Director": "James Cameron",
            "StreamFormat": "mp4"
        },
        {
            "Title": "David Brooks: The social animal",
            "TitleSeason": "The social animal",
            "Image": "http://images.ted.com/images/ted/78e8d94d1d2a81cd182e0626dc8e96a43c88d760_132x99.jpg",
            "Url": "http://video.ted.com/talks/podcast/DavidBrooks_2011.mp4",
            "Description": "David Brooks: The social animal which illustrates about the person behaviours who are addicated to social media",
            "Rating": "NR",
            "StarRating": "75",
            "ReleaseDate": "December 10, 2009",
            "Length": 5400,
            "Category": "Recently watched",
            "Actors": [
                {
                    "id": "123",
                    "Name": "David",
                    "movieActed": "23",
                    "description": "JeffHanDemosdescriptiononhisBreakthroughoverTouchscreen"
                },
                {
                    "id": "124",
                    "Name": "Brooks",
                    "movieActed": "34",
                    "description": "JeffHanDemosdescriptiononhisBreakthroughoverTouchscreen"
                }
            ],
            "Genere": {
                "id": "1",
                "Name": "Message",
                "description": "for humor"
            },
            "Director": "Cameron",
            "StreamFormat": "mp4"
        },
        {
            "Title": "David Kelley on Human-Centered Design",
            "TitleSeason": "David Kelley  season 1",
            "Image": "http://rokudev.roku.com/rokudev/examples/videoplayer/images/DavidKelley.jpg",
            "Url": "http://video.ted.com/talks/podcast/DavidKelley_2002_480.mp4",
            "Description": "David Kelley description on Human-Centered Design",
            "Rating": "NR",
            "StarRating": "75",
            "ReleaseDate": "December 10, 2009",
            "Length": 5400,
            "Category": "Last channels",
            "Actors": [
                {
                    "id": "123",
                    "Name": "SamWorthington",
                    "movieActed": "23",
                    "description": "JeffHanDemosdescriptiononhisBreakthroughoverTouchscreen"
                },
                {
                    "id": "124",
                    "Name": "ZoeSaldana",
                    "movieActed": "34",
                    "description": "JeffHanDemosdescriptiononhisBreakthroughoverTouchscreen"
                },
                {
                    "id": "1093",
                    "Name": "StephenLang",
                    "movieActed": "45",
                    "description": "JeffHanDemosdescriptiononhisBreakthroughoverTouchscreen"
                }
            ],
            "Genere": {
                "id": "1",
                "Name": "comedy",
                "description": "for humor"
            },
            "Director": "David Kelley",
            "StreamFormat": "mp4"
        },
        {
            "Title": "Imogen Heap First",
            "TitleSeason": "Imogen First",
            "Image": "http://rokudev.roku.com/rokudev/examples/videoplayer/images/ImogenHeap.jpg",
            "Url": "http://video.ted.com/talks/podcast/ImogenHeap_WaitItOut_2009G_480.mp4",
            "Description": "Imogen Heap's description on wait it out",
            "Rating": "NR",
            "StarRating": "75",
            "ReleaseDate": "December 10, 2009",
            "Length": 5400,
            "Category": "Most Popular on demand",
            "Actors": [
                {
                    "id": "123",
                    "Name": "SamWorthington",
                    "movieActed": "23",
                    "description": "JeffHanDemosdescriptiononhisBreakthroughoverTouchscreen"
                },
                {
                    "id": "124",
                    "Name": "ZoeSaldana",
                    "movieActed": "34",
                    "description": "JeffHanDemosdescriptiononhisBreakthroughoverTouchscreen"
                },
                {
                    "id": "1093",
                    "Name": "StephenLang",
                    "movieActed": "45",
                    "description": "JeffHanDemosdescriptiononhisBreakthroughoverTouchscreen"
                }
            ],
            "Genere": {
                "id": "1",
                "Name": "comedy",
                "description": "for humor"
            },
            "Director": "Imogen",
            "StreamFormat": "mp4"
        },
        {
            "Title": "Imogen Heap second",
            "TitleSeason": "Imogen second",
            "Image": "http://rokudev.roku.com/rokudev/examples/videoplayer/images/ImogenHeap.jpg",
            "Url": "http://video.ted.com/talks/podcast/ImogenHeap_WaitItOut_2009G_480.mp4",
            "Description": "Imogen Heap's description on wait it out",
            "Rating": "NR",
            "StarRating": "75",
            "ReleaseDate": "December 10, 2009",
            "Length": 5400,
            "Category": "Most Popular on demand",
            "Actors": [
                {
                    "id": "123",
                    "Name": "SamWorthington",
                    "movieActed": "23",
                    "description": "JeffHanDemosdescriptiononhisBreakthroughoverTouchscreen"
                },
                {
                    "id": "124",
                    "Name": "ZoeSaldana",
                    "movieActed": "34",
                    "description": "JeffHanDemosdescriptiononhisBreakthroughoverTouchscreen"
                },
                {
                    "id": "1093",
                    "Name": "StephenLang",
                    "movieActed": "45",
                    "description": "JeffHanDemosdescriptiononhisBreakthroughoverTouchscreen"
                }
            ],
            "Genere": {
                "id": "1",
                "Name": "comedy",
                "description": "for humor"
            },
            "Director": "Imogen",
            "StreamFormat": "mp4"
        },
        {
            "Title": "Naturally 7 Beatboxes a Whole Band",
            "TitleSeason": "Naturally 7  season 1",
            "Image": "http://rokudev.roku.com/rokudev/examples/videoplayer/images/Naturally7.jpg",
            "Url": "http://video.ted.com/talks/podcast/Naturally7FLYBABY_2009_480.mp4",
            "Description": "Naturally 7 Beatboxes description ",
            "Rating": "NR",
            "StarRating": "10",
            "ReleaseDate": "December 10, 2009",
            "Length": 5400,
            "Category": "Favourites",
            "Actors": [
                {
                    "id": "123",
                    "Name": "SamWorthington",
                    "movieActed": "23",
                    "description": "JeffHanDemosdescriptiononhisBreakthroughoverTouchscreen"
                },
                {
                    "id": "124",
                    "Name": "ZoeSaldana",
                    "movieActed": "34",
                    "description": "JeffHanDemosdescriptiononhisBreakthroughoverTouchscreen"
                },
                {
                    "id": "1093",
                    "Name": "StephenLang",
                    "movieActed": "45",
                    "description": "JeffHanDemosdescriptiononhisBreakthroughoverTouchscreen"
                }
            ],
            "Genere": {
                "id": "1",
                "Name": "comedy",
                "description": "for humor"
            },
            "Director": "Unknown",
            "StreamFormat": "mp4"
        },
        {
            "Title": "Naturally 7 second",
            "TitleSeason": "Naturally 7  second",
            "Image": "http://rokudev.roku.com/rokudev/examples/videoplayer/images/Naturally7.jpg",
            "Url": "http://video.ted.com/talks/podcast/Naturally7FLYBABY_2009_480.mp4",
            "Description": "Naturally 7 Beatboxes description ",
            "Rating": "NR",
            "StarRating": "75",
            "ReleaseDate": "December 10, 2009",
            "Length": 5400,
            "Category": "Favourites",
            "Actors": [
                {
                    "id": "123",
                    "Name": "SamWorthington",
                    "movieActed": "23",
                    "description": "JeffHanDemosdescriptiononhisBreakthroughoverTouchscreen"
                },
                {
                    "id": "124",
                    "Name": "ZoeSaldana",
                    "movieActed": "34",
                    "description": "JeffHanDemosdescriptiononhisBreakthroughoverTouchscreen"
                },
                {
                    "id": "1093",
                    "Name": "StephenLang",
                    "movieActed": "45",
                    "description": "JeffHanDemosdescriptiononhisBreakthroughoverTouchscreen"
                }
            ],
            "Genere": {
                "id": "1",
                "Name": "comedy",
                "description": "for humor"
            },
            "Director": "Unknown",
            "StreamFormat": "mp4"
        },
        {
            "Title": "Juan Enriquez Wants to Grow Energy",
            "TitleSeason": "Juan Enriquez season 1",
            "Image": "http://rokudev.roku.com/rokudev/examples/videoplayer/images/JuanEnriquez.jpg",
            "Url": "http://video.ted.com/talks/podcast/JuanEnriquez_2007S_480.mp4",
            "Description": "Juan Enriquez description on grow Energy",
            "Rating": "NR",
            "StarRating": "75",
            "ReleaseDate": "December 10, 2009",
            "Length": 5400,
            "Category": "WatchList",
            "Actors": [
                {
                    "id": "123",
                    "Name": "SamWorthington",
                    "movieActed": "23",
                    "description": "JeffHanDemosdescriptiononhisBreakthroughoverTouchscreen"
                },
                {
                    "id": "124",
                    "Name": "ZoeSaldana",
                    "movieActed": "34",
                    "description": "JeffHanDemosdescriptiononhisBreakthroughoverTouchscreen"
                },
                {
                    "id": "1093",
                    "Name": "StephenLang",
                    "movieActed": "45",
                    "description": "JeffHanDemosdescriptiononhisBreakthroughoverTouchscreen"
                }
            ],
            "Genere": {
                "id": "1",
                "Name": "comedy",
                "description": "for humor"
            },
            "Director": "Juan Enriquez",
            "StreamFormat": "mp4"
        },
        {
            "Title": "Juan Enriquez second",
            "TitleSeason": "Juan Enriquez second",
            "Image": "http://rokudev.roku.com/rokudev/examples/videoplayer/images/JuanEnriquez.jpg",
            "Url": "http://video.ted.com/talks/podcast/JuanEnriquez_2007S_480.mp4",
            "Description": "Juan Enriquez description on grow Energy",
            "Rating": "NR",
            "StarRating": "75",
            "ReleaseDate": "December 10, 2009",
            "Length": 5400,
            "Category": "WatchList",
            "Actors": [
                {
                    "id": "123",
                    "Name": "SamWorthington",
                    "movieActed": "23",
                    "description": "JeffHanDemosdescriptiononhisBreakthroughoverTouchscreen"
                },
                {
                    "id": "124",
                    "Name": "ZoeSaldana",
                    "movieActed": "34",
                    "description": "JeffHanDemosdescriptiononhisBreakthroughoverTouchscreen"
                },
                {
                    "id": "1093",
                    "Name": "StephenLang",
                    "movieActed": "45",
                    "description": "JeffHanDemosdescriptiononhisBreakthroughoverTouchscreen"
                }
            ],
            "Genere": {
                "id": "1",
                "Name": "comedy",
                "description": "for humor"
            },
            "Director": "Juan Enriquez",
            "StreamFormat": "mp4"
        }
    ]
}