{
	"Categories":[{"name","WatchList"},{"name","Live TV"},{"name","Favourites"},{"name","Most Popular on demand"},{"name","Last channels"},{"name","Recently watched"},{"name","On Demand"},{"name","Kid Zone"}],
    "Videos": [
        {
            "Title": "Jeff Han Demos his Breakthrough Touchscreen",
            "TitleSeason": "Jeff Han Demos season 1",
            "Image": "http://rokudev.roku.com/rokudev/examples/videoplayer/images/JeffHan.jpg",
            "Stream": {
                "Url": "http://video.ted.com/talks/podcast/JeffHan_2006_480.mp4"
            },
            "Description": "Jeff Han Demos description on his Breakthrough over Touchscreen",
            "Rating": "NR",
            "StarRating": "75",
            "ReleaseDate": "December 10, 2009",
            "Length": 5400,
            "Categories": {
                "Category1": "Category1",
                "Category2": "Category2",
                "Category3": "Category3"
            },
            "Actors": {
                "Actor1": "Sam Worthington",
                "Actor2": "Zoe Saldana",
                "Actor3": "Stephen Lang"
            },
            "Director": "James Cameron",
            "StreamFormat": "mp4"
        },
        {
            "Title": "David Kelley on Human-Centered Design",
            "TitleSeason": "David Kelley  season 1",
            "Image": "http://rokudev.roku.com/rokudev/examples/videoplayer/images/DavidKelley.jpg",
            "Stream": {
                "Url": "http://video.ted.com/talks/podcast/DavidKelley_2002_480.mp4"
            },
            "Description": "David Kelley description on Human-Centered Design",
            "Rating": "NR",
            "StarRating": "75",
            "ReleaseDate": "December 10, 2009",
            "Length": 5400,
            "Categories": {
                "Category1": "Category1",
                "Category2": "Category2",
                "Category3": "Category3"
            },
            "Actors": {
                "Actor1": "Sam Worthington",
                "Actor2": "Zoe Saldana",
                "Actor3": "Stephen Lang"
            },
            "Director": "David Kelley",
            "StreamFormat": "mp4"
        },
        {
            "Title": "Imogen Heap Plays 'Wait It Out'",
            "TitleSeason": "Imogen season 1",
            "Image": "http://rokudev.roku.com/rokudev/examples/videoplayer/images/ImogenHeap.jpg",
            "Stream": {
                "Url": "http://video.ted.com/talks/podcast/ImogenHeap_WaitItOut_2009G_480.mp4"
            },
            "Description": "Imogen Heap's description on wait it out",
            "Rating": "NR",
            "StarRating": "75",
            "ReleaseDate": "December 10, 2009",
            "Length": 5400,
            "Categories": {
                "Category1": "Category1",
                "Category2": "Category2",
                "Category3": "Category3"
            },
            "Actors": {
                "Actor1": "Sam Worthington",
                "Actor2": "Zoe Saldana",
                "Actor3": "Stephen Lang"
            },
            "Director": "Imogen",
            "StreamFormat": "mp4"
        },
        {
            "Title": "Naturally 7 Beatboxes a Whole Band",
            "TitleSeason": "Naturally 7  season 1",
            "Image": "http://rokudev.roku.com/rokudev/examples/videoplayer/images/Naturally7.jpg",
            "Stream": {
                "Url": "http://video.ted.com/talks/podcast/Naturally7FLYBABY_2009_480.mp4"
            },
            "Description": "Naturally 7 Beatboxes description ",
            "Rating": "NR",
            "StarRating": "75",
            "ReleaseDate": "December 10, 2009",
            "Length": 5400,
            "Categories": {
                "Category1": "Category1",
                "Category2": "Category2",
                "Category3": "Category3"
            },
            "Actors": {
                "Actor1": "Sam Worthington",
                "Actor2": "Zoe Saldana",
                "Actor3": "Stephen Lang"
            },
            "Director": "Unknown",
            "StreamFormat": "mp4"
        },
        {
            "Title": "Juan Enriquez Wants to Grow Energy",
            "TitleSeason": "Juan Enriquez season 1",
            "Image": "http://rokudev.roku.com/rokudev/examples/videoplayer/images/JuanEnriquez.jpg",
            "Stream": {
                "Url": "http://video.ted.com/talks/podcast/JuanEnriquez_2007S_480.mp4"
            },
            "Description": "Juan Enriquez description on grow Energy",
            "Rating": "NR",
            "StarRating": "75",
            "ReleaseDate": "December 10, 2009",
            "Length": 5400,
            "Categories": {
                "Category1": "Category1",
                "Category2": "Category2",
                "Category3": "Category3"
            },
            "Actors": {
                "Actor1": "Sam Worthington",
                "Actor2": "Zoe Saldana",
                "Actor3": "Stephen Lang"
            },
            "Director": "Juan Enriquez",
            "StreamFormat": "mp4"
        }
    ]
}